<?xml version="1.0" encoding="utf-8"?>
<extension type="component" version="3.3.0" method="upgrade">
	<name>MyMuse</name>
	<creationDate>November 2017</creationDate>
	<copyright>Copyright (C) 2017. All rights reserved.</copyright>
	<license>GNU General Public License version 2 or later; see LICENSE.txt</license>
    <author>Arboreta</author>
	<authorEmail>gord@arboreta.ca</authorEmail>
	<authorUrl>http://www.joomlamymuse.com</authorUrl>
	<version>1.1.0</version>
	<description>Sell your tracks online. Visit http://www.joomlamymuse.com for more info.</description>

	<media destination="com_mymuse" folder="media">
         <filename>index.html</filename>
         <folder>images</folder>
    </media>
        
	<administration>
		<menu img="../media/com_mymuse/images/mymuse-16.png">COM_MYMUSE</menu>
		<submenu>
			<menu link="option=com_mymuse&amp;view=store&amp;task=store.edit&amp;id=1" view="store" 
				img="class:help-shop" alt="Mymuse/Store">COM_MYMUSE_STORE</menu>
			<menu link="option=com_categories&amp;extension=com_mymuse" view="categories" 
				img="class:category" alt="Mymuse/Categories">COM_MYMUSE_CATEGORIES</menu>
			<menu link="option=com_mymuse&amp;view=products" view="products" 
				img="class:article" alt="Mymuse/Products">COM_MYMUSE_PRODUCTS</menu>
			<menu link="option=com_mymuse&amp;view=orders" view="orders" 
				img="class:content" alt="Mymuse/Orders">COM_MYMUSE_ORDERS</menu>
			<menu link="option=com_mymuse&amp;view=taxrates" view="taxrates" 
				img="class:themes" alt="Mymuse/Taxrates">COM_MYMUSE_TAXRATES</menu>
			<menu link="option=com_mymuse&amp;view=reports" view="reports" 
				img="class:themes" alt="Mymuse/Reports">COM_MYMUSE_REPORTS</menu>
			<menu link="option=com_plugins&amp;view=plugins&amp;filter_folder=mymuse&amp;filter_order=name&amp;filter_dir=asc" view="plugins" 
				img="class:themes" alt="Mymuse/Plugins">COM_MYMUSE_PLUGINS</menu>	
			<menu link="option=com_plugins&amp;view=plugins&amp;filter_folder=user&amp;filter_order=name&amp;filter_dir=asc" view="plugins" 
				img="class:themes" alt="Mymuse/PluginsUser">COM_MYMUSE_USER_PLUGINS</menu>
        </submenu>
		<files folder="administrator">
			<filename>access.xml</filename>
			<filename>config.xml</filename>
			<filename>controller.php</filename>
			<filename>index.html</filename>
			<filename>mymuse.php</filename>
			<folder>assets</folder>
			<folder>controllers</folder>
			<folder>helpers</folder>
			<folder>liveupdate</folder>
			<folder>models</folder>
			<folder>sql</folder>
			<folder>tables</folder>
			<folder>views</folder>
			<folder>install</folder>
		</files>
		<languages folder="administrator">
			<language tag="en-GB">language/en-GB/en-GB.com_mymuse.ini</language>
			<language tag="en-GB">language/en-GB/en-GB.com_mymuse.sys.ini</language>
		</languages>
	</administration>  
	
	<install> <!-- Runs on install -->
    	<sql>
        	<file driver="mysql" charset="utf8">sql/install.mysql.utf8.sql</file>
  		</sql>
    </install>
    <uninstall> <!-- Runs on uninstall -->
    	<sql>
        	<file driver="mysql" charset="utf8">sql/uninstall.mysql.utf8.sql</file>
  		</sql>
   </uninstall>
   
    <!-- Runs on install/uninstall/update; New in 2.5 -->
	<scriptfile>script.php</scriptfile>
   <installfile>install/install.mymuse.php</installfile>
   <uninstallfile>install/uninstall.mymuse.php</uninstallfile>

	<files folder="site">
		<filename>controller.php</filename>
		<filename>index.html</filename>
		<filename>log.txt</filename>
		<filename>mymuse.php</filename>
		<filename>mymuse.class.php</filename>
		<filename>router.php</filename>
		<folder>assets</folder>
		<folder>controllers</folder>
		<folder>helpers</folder>
		<folder>models</folder>
		<folder>templates</folder>
		<folder>views</folder>
		
	</files>
	<languages folder="site">
			<language tag="en-GB">language/en-GB/en-GB.com_mymuse.ini</language>
	</languages>

	<!-- Plugins -->
	<plugins>
        <plugin name="audio_jplayer" folder="plugins/audio_jplayer">MyMuse Audio HTML5 jPlayer</plugin>
		<plugin name="mymuse_discount" folder="plugins/mymuse_discount">MyMuse Discount</plugin>
        <plugin name="payment_offline" folder="plugins/payment_offline">Payment Offline</plugin>
        <plugin name="payment_paypal" folder="plugins/payment_paypal">Payment Paypal</plugin>
		<plugin name="searchmymuse" folder="plugins/searchmymuse">Search</plugin>
		<plugin name="mymuse" folder="plugins/user_mymuse">MyMuse User Profile</plugin>
        <plugin name="mymusenoreg" folder="plugins/user_mymusenoreg">MyMuse No Registration Profile</plugin>
        <plugin name="redirectonlogin" folder="plugins/user_redirectonlogin">MyMuse Redirect on Login</plugin>
	</plugins>
	<modules>
        <module name="mod_mymuse_latest" folder="modules/mod_mymuse_latest" client="site">Mod MyMuse Latest</module>
		<module name="mod_mymuse_minicart" folder="modules/mod_mymuse_minicart" client="site">Mod MyMuse Minicart</module>
	</modules>


<updateservers>
		<!-- Note: No spaces or linebreaks allowed between the server tags -->
		<server type="extension" name="MyMuseSimple  Updates">http://www.joomlamymuse.com/index.php?option=com_ars&amp;view=update&amp;task=stream&amp;format=xml&amp;id=77&amp;dummy=extension.xml</server>
	</updateservers>
</extension>

